Census Year,Ward,Category,SubCategory,Characteristic,SubCharacteristic,Value
2021,Barrhaven East,Demographics,Age,Age groups of the population,0 to 14 years,9540
2021,Barrhaven East,Demographics,Age,Age groups of the population,0 to 4 years,2275
2021,Barrhaven East,Demographics,Age,Age groups of the population,5 to 9 years,3315
2021,Barrhaven East,Demographics,Age,Age groups of the population,10 to 14 years,3945
2021,Barrhaven East,Demographics,Age,Age groups of the population,15 to 64 years,35870
2021,Barrhaven East,Demographics,Age,Age groups of the population,15 to 19 years,4360
2021,Barrhaven East,Demographics,Age,Age groups of the population,20 to 24 years,3800
2021,Barrhaven East,Demographics,Age,Age groups of the population,25 to 29 years,3090
2021,Barrhaven East,Demographics,Age,Age groups of the population,30 to 34 years,3010
2021,Barrhaven East,Demographics,Age,Age groups of the population,35 to 39 years,3160
2021,Barrhaven East,Demographics,Age,Age groups of the population,40 to 44 years,3580
2021,Barrhaven East,Demographics,Age,Age groups of the population,45 to 49 years,4245
2021,Barrhaven East,Demographics,Age,Age groups of the population,50 to 54 years,4250
2021,Barrhaven East,Demographics,Age,Age groups of the population,55 to 59 years,3775
2021,Barrhaven East,Demographics,Age,Age groups of the population,60 to 64 years,2600
2021,Barrhaven East,Demographics,Age,Age groups of the population,65 years and over,4950
2021,Barrhaven East,Demographics,Age,Age groups of the population,65 to 69 years,1720
2021,Barrhaven East,Demographics,Age,Age groups of the population,70 to 74 years,1470
2021,Barrhaven East,Demographics,Age,Age groups of the population,75 to 79 years,895
2021,Barrhaven East,Demographics,Age,Age groups of the population,80 to 84 years,450
2021,Barrhaven East,Demographics,Age,Age groups of the population,85 years and over,410
2021,Barrhaven East,Demographics,Age,Age groups of the population,85 to 89 years,265
2021,Barrhaven East,Demographics,Age,Age groups of the population,90 to 94 years,110
2021,Barrhaven East,Demographics,Age,Age groups of the population,95 to 99 years,40
2021,Barrhaven East,Demographics,Age,Age groups of the population,100 years and over,0
2021,Barrhaven East,Demographics,Age,Distribution (%) of the population by broad age groups,0 to 14 years,18.9
2021,Barrhaven East,Demographics,Age,Distribution (%) of the population by broad age groups,15 to 64 years,71.2
2021,Barrhaven East,Demographics,Age,Distribution (%) of the population by broad age groups,65 years and over,9.8
2021,Barrhaven East,Demographics,Age,Distribution (%) of the population by broad age groups,85 years and over,0.8
2021,Barrhaven East,Demographics,Age,Average age of the population, ,37.1
2021,Barrhaven East,Demographics,Age,Median age of the population, ,37.2
2021,Kanata South,Demographics,Age,Age groups of the population,0 to 14 years,9445
2021,Kanata South,Demographics,Age,Age groups of the population,0 to 4 years,2800
2021,Kanata South,Demographics,Age,Age groups of the population,5 to 9 years,3365
2021,Kanata South,Demographics,Age,Age groups of the population,10 to 14 years,3275
2021,Kanata South,Demographics,Age,Age groups of the population,15 to 64 years,32710
2021,Kanata South,Demographics,Age,Age groups of the population,15 to 19 years,3030
2021,Kanata South,Demographics,Age,Age groups of the population,20 to 24 years,2590
2021,Kanata South,Demographics,Age,Age groups of the population,25 to 29 years,2760
2021,Kanata South,Demographics,Age,Age groups of the population,30 to 34 years,3375
2021,Kanata South,Demographics,Age,Age groups of the population,35 to 39 years,3745
2021,Kanata South,Demographics,Age,Age groups of the population,40 to 44 years,3680
2021,Kanata South,Demographics,Age,Age groups of the population,45 to 49 years,3320
2021,Kanata South,Demographics,Age,Age groups of the population,50 to 54 years,3360
2021,Kanata South,Demographics,Age,Age groups of the population,55 to 59 years,3580
2021,Kanata South,Demographics,Age,Age groups of the population,60 to 64 years,3265
2021,Kanata South,Demographics,Age,Age groups of the population,65 years and over,6955
2021,Kanata South,Demographics,Age,Age groups of the population,65 to 69 years,2490
2021,Kanata South,Demographics,Age,Age groups of the population,70 to 74 years,2050
2021,Kanata South,Demographics,Age,Age groups of the population,75 to 79 years,1155
2021,Kanata South,Demographics,Age,Age groups of the population,80 to 84 years,775
2021,Kanata South,Demographics,Age,Age groups of the population,85 years and over,490
2021,Kanata South,Demographics,Age,Age groups of the population,85 to 89 years,350
2021,Kanata South,Demographics,Age,Age groups of the population,90 to 94 years,120
2021,Kanata South,Demographics,Age,Age groups of the population,95 to 99 years,20
2021,Kanata South,Demographics,Age,Age groups of the population,100 years and over,0
2021,Kanata South,Demographics,Age,Distribution (%) of the population by broad age groups,0 to 14 years,19.2
2021,Kanata South,Demographics,Age,Distribution (%) of the population by broad age groups,15 to 64 years,66.6
2021,Kanata South,Demographics,Age,Distribution (%) of the population by broad age groups,65 years and over,14.2
2021,Kanata South,Demographics,Age,Distribution (%) of the population by broad age groups,85 years and over,1
2021,Kanata South,Demographics,Age,Average age of the population, ,39.2
2021,Kanata South,Demographics,Age,Median age of the population, ,39.6
2021,Riverside South Findlay Creek,Demographics,Age,Age groups of the population,0 to 14 years,7660
2021,Riverside South Findlay Creek,Demographics,Age,Age groups of the population,0 to 4 years,2385
2021,Riverside South Findlay Creek,Demographics,Age,Age groups of the population,5 to 9 years,2480
2021,Riverside South Findlay Creek,Demographics,Age,Age groups of the population,10 to 14 years,2795
2021,Riverside South Findlay Creek,Demographics,Age,Age groups of the population,15 to 64 years,22600
2021,Riverside South Findlay Creek,Demographics,Age,Age groups of the population,15 to 19 years,2400
2021,Riverside South Findlay Creek,Demographics,Age,Age groups of the population,20 to 24 years,1995
2021,Riverside South Findlay Creek,Demographics,Age,Age groups of the population,25 to 29 years,2010
2021,Riverside South Findlay Creek,Demographics,Age,Age groups of the population,30 to 34 years,2555
2021,Riverside South Findlay Creek,Demographics,Age,Age groups of the population,35 to 39 years,2715
2021,Riverside South Findlay Creek,Demographics,Age,Age groups of the population,40 to 44 years,2600
2021,Riverside South Findlay Creek,Demographics,Age,Age groups of the population,45 to 49 years,2715
2021,Riverside South Findlay Creek,Demographics,Age,Age groups of the population,50 to 54 years,2465
2021,Riverside South Findlay Creek,Demographics,Age,Age groups of the population,55 to 59 years,1815
2021,Riverside South Findlay Creek,Demographics,Age,Age groups of the population,60 to 64 years,1335
2021,Riverside South Findlay Creek,Demographics,Age,Age groups of the population,65 years and over,2730
2021,Riverside South Findlay Creek,Demographics,Age,Age groups of the population,65 to 69 years,950
2021,Riverside South Findlay Creek,Demographics,Age,Age groups of the population,70 to 74 years,775
2021,Riverside South Findlay Creek,Demographics,Age,Age groups of the population,75 to 79 years,570
2021,Riverside South Findlay Creek,Demographics,Age,Age groups of the population,80 to 84 years,305
2021,Riverside South Findlay Creek,Demographics,Age,Age groups of the population,85 years and over,135
2021,Riverside South Findlay Creek,Demographics,Age,Age groups of the population,85 to 89 years,95
2021,Riverside South Findlay Creek,Demographics,Age,Age groups of the population,90 to 94 years,25
2021,Riverside South Findlay Creek,Demographics,Age,Age groups of the population,95 to 99 years,15
2021,Riverside South Findlay Creek,Demographics,Age,Age groups of the population,100 years and over,0
2021,Riverside South Findlay Creek,Demographics,Age,Distribution (%) of the population by broad age groups,0 to 14 years,23.2
2021,Riverside South Findlay Creek,Demographics,Age,Distribution (%) of the population by broad age groups,15 to 64 years,68.5
2021,Riverside South Findlay Creek,Demographics,Age,Distribution (%) of the population by broad age groups,65 years and over,8.3
2021,Riverside South Findlay Creek,Demographics,Age,Distribution (%) of the population by broad age groups,85 years and over,0.4
2021,Riverside South Findlay Creek,Demographics,Age,Average age of the population, ,34.7
2021,Riverside South Findlay Creek,Demographics,Age,Median age of the population, ,34.8
2021,Rideau Jock,Demographics,Age,Age groups of the population,0 to 14 years,4790
2021,Rideau Jock,Demographics,Age,Age groups of the population,0 to 4 years,1295
2021,Rideau Jock,Demographics,Age,Age groups of the population,5 to 9 years,1585
2021,Rideau Jock,Demographics,Age,Age groups of the population,10 to 14 years,1920
2021,Rideau Jock,Demographics,Age,Age groups of the population,15 to 64 years,16810
2021,Rideau Jock,Demographics,Age,Age groups of the population,15 to 19 years,1695
2021,Rideau Jock,Demographics,Age,Age groups of the population,20 to 24 years,1295
2021,Rideau Jock,Demographics,Age,Age groups of the population,25 to 29 years,930
2021,Rideau Jock,Demographics,Age,Age groups of the population,30 to 34 years,1320
2021,Rideau Jock,Demographics,Age,Age groups of the population,35 to 39 years,1505
2021,Rideau Jock,Demographics,Age,Age groups of the population,40 to 44 years,1770
2021,Rideau Jock,Demographics,Age,Age groups of the population,45 to 49 years,1990
2021,Rideau Jock,Demographics,Age,Age groups of the population,50 to 54 years,2025
2021,Rideau Jock,Demographics,Age,Age groups of the population,55 to 59 years,2270
2021,Rideau Jock,Demographics,Age,Age groups of the population,60 to 64 years,2005
2021,Rideau Jock,Demographics,Age,Age groups of the population,65 years and over,5445
2021,Rideau Jock,Demographics,Age,Age groups of the population,65 to 69 years,1780
2021,Rideau Jock,Demographics,Age,Age groups of the population,70 to 74 years,1610
2021,Rideau Jock,Demographics,Age,Age groups of the population,75 to 79 years,1080
2021,Rideau Jock,Demographics,Age,Age groups of the population,80 to 84 years,525
2021,Rideau Jock,Demographics,Age,Age groups of the population,85 years and over,450
2021,Rideau Jock,Demographics,Age,Age groups of the population,85 to 89 years,310
2021,Rideau Jock,Demographics,Age,Age groups of the population,90 to 94 years,110
2021,Rideau Jock,Demographics,Age,Age groups of the population,95 to 99 years,30
2021,Rideau Jock,Demographics,Age,Age groups of the population,100 years and over,0
2021,Rideau Jock,Demographics,Age,Distribution (%) of the population by broad age groups,0 to 14 years,17.7
2021,Rideau Jock,Demographics,Age,Distribution (%) of the population by broad age groups,15 to 64 years,62.2
2021,Rideau Jock,Demographics,Age,Distribution (%) of the population by broad age groups,65 years and over,20.1
2021,Rideau Jock,Demographics,Age,Distribution (%) of the population by broad age groups,85 years and over,1.7
2021,Rideau Jock,Demographics,Age,Average age of the population, ,42.8
2021,Rideau Jock,Demographics,Age,Median age of the population, ,45.6
2021,Osgoode,Demographics,Age,Age groups of the population,0 to 14 years,5110
2021,Osgoode,Demographics,Age,Age groups of the population,0 to 4 years,1440
2021,Osgoode,Demographics,Age,Age groups of the population,5 to 9 years,1795
2021,Osgoode,Demographics,Age,Age groups of the population,10 to 14 years,1880
2021,Osgoode,Demographics,Age,Age groups of the population,15 to 64 years,19905
2021,Osgoode,Demographics,Age,Age groups of the population,15 to 19 years,1855
2021,Osgoode,Demographics,Age,Age groups of the population,20 to 24 years,1540
2021,Osgoode,Demographics,Age,Age groups of the population,25 to 29 years,1355
2021,Osgoode,Demographics,Age,Age groups of the population,30 to 34 years,1515
2021,Osgoode,Demographics,Age,Age groups of the population,35 to 39 years,1710
2021,Osgoode,Demographics,Age,Age groups of the population,40 to 44 years,1920
2021,Osgoode,Demographics,Age,Age groups of the population,45 to 49 years,2115
2021,Osgoode,Demographics,Age,Age groups of the population,50 to 54 years,2370
2021,Osgoode,Demographics,Age,Age groups of the population,55 to 59 years,3015
2021,Osgoode,Demographics,Age,Age groups of the population,60 to 64 years,2505
2021,Osgoode,Demographics,Age,Age groups of the population,65 years and over,4950
2021,Osgoode,Demographics,Age,Age groups of the population,65 to 69 years,1865
2021,Osgoode,Demographics,Age,Age groups of the population,70 to 74 years,1310
2021,Osgoode,Demographics,Age,Age groups of the population,75 to 79 years,940
2021,Osgoode,Demographics,Age,Age groups of the population,80 to 84 years,495
2021,Osgoode,Demographics,Age,Age groups of the population,85 years and over,340
2021,Osgoode,Demographics,Age,Age groups of the population,85 to 89 years,270
2021,Osgoode,Demographics,Age,Age groups of the population,90 to 94 years,55
2021,Osgoode,Demographics,Age,Age groups of the population,95 to 99 years,15
2021,Osgoode,Demographics,Age,Age groups of the population,100 years and over,0
2021,Osgoode,Demographics,Age,Distribution (%) of the population by broad age groups,0 to 14 years,17.1
2021,Osgoode,Demographics,Age,Distribution (%) of the population by broad age groups,15 to 64 years,66.4
2021,Osgoode,Demographics,Age,Distribution (%) of the population by broad age groups,65 years and over,16.5
2021,Osgoode,Demographics,Age,Distribution (%) of the population by broad age groups,85 years and over,1.1
2021,Osgoode,Demographics,Age,Average age of the population, ,42
2021,Osgoode,Demographics,Age,Median age of the population, ,44.8
2021,Orléans South Navan,Demographics,Age,Age groups of the population,0 to 14 years,10445
2021,Orléans South Navan,Demographics,Age,Age groups of the population,0 to 4 years,2980
2021,Orléans South Navan,Demographics,Age,Age groups of the population,5 to 9 years,3685
2021,Orléans South Navan,Demographics,Age,Age groups of the population,10 to 14 years,3790
2021,Orléans South Navan,Demographics,Age,Age groups of the population,15 to 64 years,33535
2021,Orléans South Navan,Demographics,Age,Age groups of the population,15 to 19 years,3510
2021,Orléans South Navan,Demographics,Age,Age groups of the population,20 to 24 years,3005
2021,Orléans South Navan,Demographics,Age,Age groups of the population,25 to 29 years,2995
2021,Orléans South Navan,Demographics,Age,Age groups of the population,30 to 34 years,3250
2021,Orléans South Navan,Demographics,Age,Age groups of the population,35 to 39 years,3760
2021,Orléans South Navan,Demographics,Age,Age groups of the population,40 to 44 years,3950
2021,Orléans South Navan,Demographics,Age,Age groups of the population,45 to 49 years,3755
2021,Orléans South Navan,Demographics,Age,Age groups of the population,50 to 54 years,3435
2021,Orléans South Navan,Demographics,Age,Age groups of the population,55 to 59 years,3350
2021,Orléans South Navan,Demographics,Age,Age groups of the population,60 to 64 years,2530
2021,Orléans South Navan,Demographics,Age,Age groups of the population,65 years and over,5075
2021,Orléans South Navan,Demographics,Age,Age groups of the population,65 to 69 years,2040
2021,Orléans South Navan,Demographics,Age,Age groups of the population,70 to 74 years,1430
2021,Orléans South Navan,Demographics,Age,Age groups of the population,75 to 79 years,920
2021,Orléans South Navan,Demographics,Age,Age groups of the population,80 to 84 years,465
2021,Orléans South Navan,Demographics,Age,Age groups of the population,85 years and over,220
2021,Orléans South Navan,Demographics,Age,Age groups of the population,85 to 89 years,145
2021,Orléans South Navan,Demographics,Age,Age groups of the population,90 to 94 years,65
2021,Orléans South Navan,Demographics,Age,Age groups of the population,95 to 99 years,0
2021,Orléans South Navan,Demographics,Age,Age groups of the population,100 years and over,0
2021,Orléans South Navan,Demographics,Age,Distribution (%) of the population by broad age groups,0 to 14 years,21.3
2021,Orléans South Navan,Demographics,Age,Distribution (%) of the population by broad age groups,15 to 64 years,68.4
2021,Orléans South Navan,Demographics,Age,Distribution (%) of the population by broad age groups,65 years and over,10.3
2021,Orléans South Navan,Demographics,Age,Distribution (%) of the population by broad age groups,85 years and over,0.4
2021,Orléans South Navan,Demographics,Age,Average age of the population, ,36.4
2021,Orléans South Navan,Demographics,Age,Median age of the population, ,36.8
2021,Alta Vista,Demographics,Age,Age groups of the population,0 to 14 years,7205
2021,Alta Vista,Demographics,Age,Age groups of the population,0 to 4 years,2340
2021,Alta Vista,Demographics,Age,Age groups of the population,5 to 9 years,2490
2021,Alta Vista,Demographics,Age,Age groups of the population,10 to 14 years,2370
2021,Alta Vista,Demographics,Age,Age groups of the population,15 to 64 years,29175
2021,Alta Vista,Demographics,Age,Age groups of the population,15 to 19 years,2380
2021,Alta Vista,Demographics,Age,Age groups of the population,20 to 24 years,3290
2021,Alta Vista,Demographics,Age,Age groups of the population,25 to 29 years,3385
2021,Alta Vista,Demographics,Age,Age groups of the population,30 to 34 years,3225
2021,Alta Vista,Demographics,Age,Age groups of the population,35 to 39 years,3135
2021,Alta Vista,Demographics,Age,Age groups of the population,40 to 44 years,2765
2021,Alta Vista,Demographics,Age,Age groups of the population,45 to 49 years,2555
2021,Alta Vista,Demographics,Age,Age groups of the population,50 to 54 years,2720
2021,Alta Vista,Demographics,Age,Age groups of the population,55 to 59 years,2985
2021,Alta Vista,Demographics,Age,Age groups of the population,60 to 64 years,2735
2021,Alta Vista,Demographics,Age,Age groups of the population,65 years and over,7685
2021,Alta Vista,Demographics,Age,Age groups of the population,65 to 69 years,2245
2021,Alta Vista,Demographics,Age,Age groups of the population,70 to 74 years,2000
2021,Alta Vista,Demographics,Age,Age groups of the population,75 to 79 years,1355
2021,Alta Vista,Demographics,Age,Age groups of the population,80 to 84 years,975
2021,Alta Vista,Demographics,Age,Age groups of the population,85 years and over,1105
2021,Alta Vista,Demographics,Age,Age groups of the population,85 to 89 years,700
2021,Alta Vista,Demographics,Age,Age groups of the population,90 to 94 years,320
2021,Alta Vista,Demographics,Age,Age groups of the population,95 to 99 years,90
2021,Alta Vista,Demographics,Age,Age groups of the population,100 years and over,0
2021,Alta Vista,Demographics,Age,Distribution (%) of the population by broad age groups,0 to 14 years,16.4
2021,Alta Vista,Demographics,Age,Distribution (%) of the population by broad age groups,15 to 64 years,66.2
2021,Alta Vista,Demographics,Age,Distribution (%) of the population by broad age groups,65 years and over,17.4
2021,Alta Vista,Demographics,Age,Distribution (%) of the population by broad age groups,85 years and over,2.5
2021,Alta Vista,Demographics,Age,Average age of the population, ,40.6
2021,Alta Vista,Demographics,Age,Median age of the population, ,38.8
2021,Capital,Demographics,Age,Age groups of the population,0 to 14 years,4340
2021,Capital,Demographics,Age,Age groups of the population,0 to 4 years,1240
2021,Capital,Demographics,Age,Age groups of the population,5 to 9 years,1460
2021,Capital,Demographics,Age,Age groups of the population,10 to 14 years,1635
2021,Capital,Demographics,Age,Age groups of the population,15 to 64 years,25990
2021,Capital,Demographics,Age,Age groups of the population,15 to 19 years,1965
2021,Capital,Demographics,Age,Age groups of the population,20 to 24 years,4380
2021,Capital,Demographics,Age,Age groups of the population,25 to 29 years,4005
2021,Capital,Demographics,Age,Age groups of the population,30 to 34 years,2605
2021,Capital,Demographics,Age,Age groups of the population,35 to 39 years,2195
2021,Capital,Demographics,Age,Age groups of the population,40 to 44 years,2000
2021,Capital,Demographics,Age,Age groups of the population,45 to 49 years,2185
2021,Capital,Demographics,Age,Age groups of the population,50 to 54 years,2240
2021,Capital,Demographics,Age,Age groups of the population,55 to 59 years,2305
2021,Capital,Demographics,Age,Age groups of the population,60 to 64 years,2110
2021,Capital,Demographics,Age,Age groups of the population,65 years and over,6700
2021,Capital,Demographics,Age,Age groups of the population,65 to 69 years,1810
2021,Capital,Demographics,Age,Age groups of the population,70 to 74 years,2145
2021,Capital,Demographics,Age,Age groups of the population,75 to 79 years,1320
2021,Capital,Demographics,Age,Age groups of the population,80 to 84 years,785
2021,Capital,Demographics,Age,Age groups of the population,85 years and over,635
2021,Capital,Demographics,Age,Age groups of the population,85 to 89 years,375
2021,Capital,Demographics,Age,Age groups of the population,90 to 94 years,210
2021,Capital,Demographics,Age,Age groups of the population,95 to 99 years,45
2021,Capital,Demographics,Age,Age groups of the population,100 years and over,10
2021,Capital,Demographics,Age,Distribution (%) of the population by broad age groups,0 to 14 years,11.7
2021,Capital,Demographics,Age,Distribution (%) of the population by broad age groups,15 to 64 years,70.2
2021,Capital,Demographics,Age,Distribution (%) of the population by broad age groups,65 years and over,18.1
2021,Capital,Demographics,Age,Distribution (%) of the population by broad age groups,85 years and over,1.7
2021,Capital,Demographics,Age,Average age of the population, ,41
2021,Capital,Demographics,Age,Median age of the population, ,37.6
2021,River,Demographics,Age,Age groups of the population,0 to 14 years,7155
2021,River,Demographics,Age,Age groups of the population,0 to 4 years,2285
2021,River,Demographics,Age,Age groups of the population,5 to 9 years,2430
2021,River,Demographics,Age,Age groups of the population,10 to 14 years,2440
2021,River,Demographics,Age,Age groups of the population,15 to 64 years,30600
2021,River,Demographics,Age,Age groups of the population,15 to 19 years,2485
2021,River,Demographics,Age,Age groups of the population,20 to 24 years,3925
2021,River,Demographics,Age,Age groups of the population,25 to 29 years,3760
2021,River,Demographics,Age,Age groups of the population,30 to 34 years,3060
2021,River,Demographics,Age,Age groups of the population,35 to 39 years,3230
2021,River,Demographics,Age,Age groups of the population,40 to 44 years,2655
2021,River,Demographics,Age,Age groups of the population,45 to 49 years,2820
2021,River,Demographics,Age,Age groups of the population,50 to 54 years,2730
2021,River,Demographics,Age,Age groups of the population,55 to 59 years,3115
2021,River,Demographics,Age,Age groups of the population,60 to 64 years,2825
2021,River,Demographics,Age,Age groups of the population,65 years and over,8140
2021,River,Demographics,Age,Age groups of the population,65 to 69 years,2560
2021,River,Demographics,Age,Age groups of the population,70 to 74 years,2085
2021,River,Demographics,Age,Age groups of the population,75 to 79 years,1570
2021,River,Demographics,Age,Age groups of the population,80 to 84 years,1030
2021,River,Demographics,Age,Age groups of the population,85 years and over,900
2021,River,Demographics,Age,Age groups of the population,85 to 89 years,615
2021,River,Demographics,Age,Age groups of the population,90 to 94 years,240
2021,River,Demographics,Age,Age groups of the population,95 to 99 years,35
2021,River,Demographics,Age,Age groups of the population,100 years and over,15
2021,River,Demographics,Age,Distribution (%) of the population by broad age groups,0 to 14 years,15.6
2021,River,Demographics,Age,Distribution (%) of the population by broad age groups,15 to 64 years,66.7
2021,River,Demographics,Age,Distribution (%) of the population by broad age groups,65 years and over,17.7
2021,River,Demographics,Age,Distribution (%) of the population by broad age groups,85 years and over,2
2021,River,Demographics,Age,Average age of the population, ,40.6
2021,River,Demographics,Age,Median age of the population, ,38.8
2021,Kitchisippi,Demographics,Age,Age groups of the population,0 to 14 years,5295
2021,Kitchisippi,Demographics,Age,Age groups of the population,0 to 4 years,1650
2021,Kitchisippi,Demographics,Age,Age groups of the population,5 to 9 years,1870
2021,Kitchisippi,Demographics,Age,Age groups of the population,10 to 14 years,1775
2021,Kitchisippi,Demographics,Age,Age groups of the population,15 to 64 years,25540
2021,Kitchisippi,Demographics,Age,Age groups of the population,15 to 19 years,1665
2021,Kitchisippi,Demographics,Age,Age groups of the population,20 to 24 years,2025
2021,Kitchisippi,Demographics,Age,Age groups of the population,25 to 29 years,3315
2021,Kitchisippi,Demographics,Age,Age groups of the population,30 to 34 years,3155
2021,Kitchisippi,Demographics,Age,Age groups of the population,35 to 39 years,2955
2021,Kitchisippi,Demographics,Age,Age groups of the population,40 to 44 years,2770
2021,Kitchisippi,Demographics,Age,Age groups of the population,45 to 49 years,2380
2021,Kitchisippi,Demographics,Age,Age groups of the population,50 to 54 years,2405
2021,Kitchisippi,Demographics,Age,Age groups of the population,55 to 59 years,2505
2021,Kitchisippi,Demographics,Age,Age groups of the population,60 to 64 years,2355
2021,Kitchisippi,Demographics,Age,Age groups of the population,65 years and over,6195
2021,Kitchisippi,Demographics,Age,Age groups of the population,65 to 69 years,2100
2021,Kitchisippi,Demographics,Age,Age groups of the population,70 to 74 years,1780
2021,Kitchisippi,Demographics,Age,Age groups of the population,75 to 79 years,1100
2021,Kitchisippi,Demographics,Age,Age groups of the population,80 to 84 years,705
2021,Kitchisippi,Demographics,Age,Age groups of the population,85 years and over,515
2021,Kitchisippi,Demographics,Age,Age groups of the population,85 to 89 years,330
2021,Kitchisippi,Demographics,Age,Age groups of the population,90 to 94 years,160
2021,Kitchisippi,Demographics,Age,Age groups of the population,95 to 99 years,20
2021,Kitchisippi,Demographics,Age,Age groups of the population,100 years and over,0
2021,Kitchisippi,Demographics,Age,Distribution (%) of the population by broad age groups,0 to 14 years,14.3
2021,Kitchisippi,Demographics,Age,Distribution (%) of the population by broad age groups,15 to 64 years,69
2021,Kitchisippi,Demographics,Age,Distribution (%) of the population by broad age groups,65 years and over,16.7
2021,Kitchisippi,Demographics,Age,Distribution (%) of the population by broad age groups,85 years and over,1.4
2021,Kitchisippi,Demographics,Age,Average age of the population, ,41.2
2021,Kitchisippi,Demographics,Age,Median age of the population, ,40
2021,Somerset,Demographics,Age,Age groups of the population,0 to 14 years,2715
2021,Somerset,Demographics,Age,Age groups of the population,0 to 4 years,1120
2021,Somerset,Demographics,Age,Age groups of the population,5 to 9 years,925
2021,Somerset,Demographics,Age,Age groups of the population,10 to 14 years,670
2021,Somerset,Demographics,Age,Age groups of the population,15 to 64 years,31700
2021,Somerset,Demographics,Age,Age groups of the population,15 to 19 years,925
2021,Somerset,Demographics,Age,Age groups of the population,20 to 24 years,4195
2021,Somerset,Demographics,Age,Age groups of the population,25 to 29 years,6755
2021,Somerset,Demographics,Age,Age groups of the population,30 to 34 years,5325
2021,Somerset,Demographics,Age,Age groups of the population,35 to 39 years,3620
2021,Somerset,Demographics,Age,Age groups of the population,40 to 44 years,2475
2021,Somerset,Demographics,Age,Age groups of the population,45 to 49 years,2150
2021,Somerset,Demographics,Age,Age groups of the population,50 to 54 years,2065
2021,Somerset,Demographics,Age,Age groups of the population,55 to 59 years,2255
2021,Somerset,Demographics,Age,Age groups of the population,60 to 64 years,1935
2021,Somerset,Demographics,Age,Age groups of the population,65 years and over,5380
2021,Somerset,Demographics,Age,Age groups of the population,65 to 69 years,1735
2021,Somerset,Demographics,Age,Age groups of the population,70 to 74 years,1450
2021,Somerset,Demographics,Age,Age groups of the population,75 to 79 years,980
2021,Somerset,Demographics,Age,Age groups of the population,80 to 84 years,710
2021,Somerset,Demographics,Age,Age groups of the population,85 years and over,505
2021,Somerset,Demographics,Age,Age groups of the population,85 to 89 years,330
2021,Somerset,Demographics,Age,Age groups of the population,90 to 94 years,155
2021,Somerset,Demographics,Age,Age groups of the population,95 to 99 years,25
2021,Somerset,Demographics,Age,Age groups of the population,100 years and over,0
2021,Somerset,Demographics,Age,Distribution (%) of the population by broad age groups,0 to 14 years,6.8
2021,Somerset,Demographics,Age,Distribution (%) of the population by broad age groups,15 to 64 years,79.7
2021,Somerset,Demographics,Age,Distribution (%) of the population by broad age groups,65 years and over,13.5
2021,Somerset,Demographics,Age,Distribution (%) of the population by broad age groups,85 years and over,1.3
2021,Somerset,Demographics,Age,Average age of the population, ,40
2021,Somerset,Demographics,Age,Median age of the population, ,34.8
2021,Rideau Rockcliffe,Demographics,Age,Age groups of the population,0 to 14 years,5465
2021,Rideau Rockcliffe,Demographics,Age,Age groups of the population,0 to 4 years,1730
2021,Rideau Rockcliffe,Demographics,Age,Age groups of the population,5 to 9 years,1820
2021,Rideau Rockcliffe,Demographics,Age,Age groups of the population,10 to 14 years,1910
2021,Rideau Rockcliffe,Demographics,Age,Age groups of the population,15 to 64 years,24060
2021,Rideau Rockcliffe,Demographics,Age,Age groups of the population,15 to 19 years,2075
2021,Rideau Rockcliffe,Demographics,Age,Age groups of the population,20 to 24 years,2210
2021,Rideau Rockcliffe,Demographics,Age,Age groups of the population,25 to 29 years,2530
2021,Rideau Rockcliffe,Demographics,Age,Age groups of the population,30 to 34 years,2540
2021,Rideau Rockcliffe,Demographics,Age,Age groups of the population,35 to 39 years,2435
2021,Rideau Rockcliffe,Demographics,Age,Age groups of the population,40 to 44 years,2210
2021,Rideau Rockcliffe,Demographics,Age,Age groups of the population,45 to 49 years,2255
2021,Rideau Rockcliffe,Demographics,Age,Age groups of the population,50 to 54 years,2475
2021,Rideau Rockcliffe,Demographics,Age,Age groups of the population,55 to 59 years,2660
2021,Rideau Rockcliffe,Demographics,Age,Age groups of the population,60 to 64 years,2670
2021,Rideau Rockcliffe,Demographics,Age,Age groups of the population,65 years and over,7870
2021,Rideau Rockcliffe,Demographics,Age,Age groups of the population,65 to 69 years,2355
2021,Rideau Rockcliffe,Demographics,Age,Age groups of the population,70 to 74 years,2100
2021,Rideau Rockcliffe,Demographics,Age,Age groups of the population,75 to 79 years,1495
2021,Rideau Rockcliffe,Demographics,Age,Age groups of the population,80 to 84 years,1080
2021,Rideau Rockcliffe,Demographics,Age,Age groups of the population,85 years and over,835
2021,Rideau Rockcliffe,Demographics,Age,Age groups of the population,85 to 89 years,520
2021,Rideau Rockcliffe,Demographics,Age,Age groups of the population,90 to 94 years,245
2021,Rideau Rockcliffe,Demographics,Age,Age groups of the population,95 to 99 years,70
2021,Rideau Rockcliffe,Demographics,Age,Age groups of the population,100 years and over,15
2021,Rideau Rockcliffe,Demographics,Age,Distribution (%) of the population by broad age groups,0 to 14 years,14.6
2021,Rideau Rockcliffe,Demographics,Age,Distribution (%) of the population by broad age groups,15 to 64 years,64.3
2021,Rideau Rockcliffe,Demographics,Age,Distribution (%) of the population by broad age groups,65 years and over,21
2021,Rideau Rockcliffe,Demographics,Age,Distribution (%) of the population by broad age groups,85 years and over,2.2
2021,Rideau Rockcliffe,Demographics,Age,Average age of the population, ,43.1
2021,Rideau Rockcliffe,Demographics,Age,Median age of the population, ,43.6
2021,Rideau Vanier,Demographics,Age,Age groups of the population,0 to 14 years,4415
2021,Rideau Vanier,Demographics,Age,Age groups of the population,0 to 4 years,1525
2021,Rideau Vanier,Demographics,Age,Age groups of the population,5 to 9 years,1540
2021,Rideau Vanier,Demographics,Age,Age groups of the population,10 to 14 years,1350
2021,Rideau Vanier,Demographics,Age,Age groups of the population,15 to 64 years,32575
2021,Rideau Vanier,Demographics,Age,Age groups of the population,15 to 19 years,2060
2021,Rideau Vanier,Demographics,Age,Age groups of the population,20 to 24 years,5455
2021,Rideau Vanier,Demographics,Age,Age groups of the population,25 to 29 years,5185
2021,Rideau Vanier,Demographics,Age,Age groups of the population,30 to 34 years,4070
2021,Rideau Vanier,Demographics,Age,Age groups of the population,35 to 39 years,3160
2021,Rideau Vanier,Demographics,Age,Age groups of the population,40 to 44 years,2590
2021,Rideau Vanier,Demographics,Age,Age groups of the population,45 to 49 years,2330
2021,Rideau Vanier,Demographics,Age,Age groups of the population,50 to 54 years,2425
2021,Rideau Vanier,Demographics,Age,Age groups of the population,55 to 59 years,2765
2021,Rideau Vanier,Demographics,Age,Age groups of the population,60 to 64 years,2525
2021,Rideau Vanier,Demographics,Age,Age groups of the population,65 years and over,7320
2021,Rideau Vanier,Demographics,Age,Age groups of the population,65 to 69 years,2285
2021,Rideau Vanier,Demographics,Age,Age groups of the population,70 to 74 years,2045
2021,Rideau Vanier,Demographics,Age,Age groups of the population,75 to 79 years,1385
2021,Rideau Vanier,Demographics,Age,Age groups of the population,80 to 84 years,880
2021,Rideau Vanier,Demographics,Age,Age groups of the population,85 years and over,725
2021,Rideau Vanier,Demographics,Age,Age groups of the population,85 to 89 years,495
2021,Rideau Vanier,Demographics,Age,Age groups of the population,90 to 94 years,170
2021,Rideau Vanier,Demographics,Age,Age groups of the population,95 to 99 years,55
2021,Rideau Vanier,Demographics,Age,Age groups of the population,100 years and over,0
2021,Rideau Vanier,Demographics,Age,Distribution (%) of the population by broad age groups,0 to 14 years,10
2021,Rideau Vanier,Demographics,Age,Distribution (%) of the population by broad age groups,15 to 64 years,73.5
2021,Rideau Vanier,Demographics,Age,Distribution (%) of the population by broad age groups,65 years and over,16.5
2021,Rideau Vanier,Demographics,Age,Distribution (%) of the population by broad age groups,85 years and over,1.6
2021,Rideau Vanier,Demographics,Age,Average age of the population, ,40.5
2021,Rideau Vanier,Demographics,Age,Median age of the population, ,36.4
2021,Beacon Hill Cyrville,Demographics,Age,Age groups of the population,0 to 14 years,5770
2021,Beacon Hill Cyrville,Demographics,Age,Age groups of the population,0 to 4 years,1735
2021,Beacon Hill Cyrville,Demographics,Age,Age groups of the population,5 to 9 years,1990
2021,Beacon Hill Cyrville,Demographics,Age,Age groups of the population,10 to 14 years,2050
2021,Beacon Hill Cyrville,Demographics,Age,Age groups of the population,15 to 64 years,22110
2021,Beacon Hill Cyrville,Demographics,Age,Age groups of the population,15 to 19 years,2015
2021,Beacon Hill Cyrville,Demographics,Age,Age groups of the population,20 to 24 years,2420
2021,Beacon Hill Cyrville,Demographics,Age,Age groups of the population,25 to 29 years,2390
2021,Beacon Hill Cyrville,Demographics,Age,Age groups of the population,30 to 34 years,2170
2021,Beacon Hill Cyrville,Demographics,Age,Age groups of the population,35 to 39 years,2265
2021,Beacon Hill Cyrville,Demographics,Age,Age groups of the population,40 to 44 years,2215
2021,Beacon Hill Cyrville,Demographics,Age,Age groups of the population,45 to 49 years,2000
2021,Beacon Hill Cyrville,Demographics,Age,Age groups of the population,50 to 54 years,2140
2021,Beacon Hill Cyrville,Demographics,Age,Age groups of the population,55 to 59 years,2370
2021,Beacon Hill Cyrville,Demographics,Age,Age groups of the population,60 to 64 years,2120
2021,Beacon Hill Cyrville,Demographics,Age,Age groups of the population,65 years and over,6175
2021,Beacon Hill Cyrville,Demographics,Age,Age groups of the population,65 to 69 years,1770
2021,Beacon Hill Cyrville,Demographics,Age,Age groups of the population,70 to 74 years,1700
2021,Beacon Hill Cyrville,Demographics,Age,Age groups of the population,75 to 79 years,1240
2021,Beacon Hill Cyrville,Demographics,Age,Age groups of the population,80 to 84 years,820
2021,Beacon Hill Cyrville,Demographics,Age,Age groups of the population,85 years and over,650
2021,Beacon Hill Cyrville,Demographics,Age,Age groups of the population,85 to 89 years,465
2021,Beacon Hill Cyrville,Demographics,Age,Age groups of the population,90 to 94 years,140
2021,Beacon Hill Cyrville,Demographics,Age,Age groups of the population,95 to 99 years,40
2021,Beacon Hill Cyrville,Demographics,Age,Age groups of the population,100 years and over,0
2021,Beacon Hill Cyrville,Demographics,Age,Distribution (%) of the population by broad age groups,0 to 14 years,16.9
2021,Beacon Hill Cyrville,Demographics,Age,Distribution (%) of the population by broad age groups,15 to 64 years,64.9
2021,Beacon Hill Cyrville,Demographics,Age,Distribution (%) of the population by broad age groups,65 years and over,18.1
2021,Beacon Hill Cyrville,Demographics,Age,Distribution (%) of the population by broad age groups,85 years and over,1.9
2021,Beacon Hill Cyrville,Demographics,Age,Average age of the population, ,40.8
2021,Beacon Hill Cyrville,Demographics,Age,Median age of the population, ,40
2021,Gloucester Southgate,Demographics,Age,Age groups of the population,0 to 14 years,8715
2021,Gloucester Southgate,Demographics,Age,Age groups of the population,0 to 4 years,2580
2021,Gloucester Southgate,Demographics,Age,Age groups of the population,5 to 9 years,3025
2021,Gloucester Southgate,Demographics,Age,Age groups of the population,10 to 14 years,3110
2021,Gloucester Southgate,Demographics,Age,Age groups of the population,15 to 64 years,33290
2021,Gloucester Southgate,Demographics,Age,Age groups of the population,15 to 19 years,3275
2021,Gloucester Southgate,Demographics,Age,Age groups of the population,20 to 24 years,3910
2021,Gloucester Southgate,Demographics,Age,Age groups of the population,25 to 29 years,3785
2021,Gloucester Southgate,Demographics,Age,Age groups of the population,30 to 34 years,3445
2021,Gloucester Southgate,Demographics,Age,Age groups of the population,35 to 39 years,3115
2021,Gloucester Southgate,Demographics,Age,Age groups of the population,40 to 44 years,2785
2021,Gloucester Southgate,Demographics,Age,Age groups of the population,45 to 49 years,2845
2021,Gloucester Southgate,Demographics,Age,Age groups of the population,50 to 54 years,3220
2021,Gloucester Southgate,Demographics,Age,Age groups of the population,55 to 59 years,3615
2021,Gloucester Southgate,Demographics,Age,Age groups of the population,60 to 64 years,3285
2021,Gloucester Southgate,Demographics,Age,Age groups of the population,65 years and over,6700
2021,Gloucester Southgate,Demographics,Age,Age groups of the population,65 to 69 years,2470
2021,Gloucester Southgate,Demographics,Age,Age groups of the population,70 to 74 years,1790
2021,Gloucester Southgate,Demographics,Age,Age groups of the population,75 to 79 years,1095
2021,Gloucester Southgate,Demographics,Age,Age groups of the population,80 to 84 years,745
2021,Gloucester Southgate,Demographics,Age,Age groups of the population,85 years and over,610
2021,Gloucester Southgate,Demographics,Age,Age groups of the population,85 to 89 years,425
2021,Gloucester Southgate,Demographics,Age,Age groups of the population,90 to 94 years,150
2021,Gloucester Southgate,Demographics,Age,Age groups of the population,95 to 99 years,20
2021,Gloucester Southgate,Demographics,Age,Age groups of the population,100 years and over,10
2021,Gloucester Southgate,Demographics,Age,Distribution (%) of the population by broad age groups,0 to 14 years,17.9
2021,Gloucester Southgate,Demographics,Age,Distribution (%) of the population by broad age groups,15 to 64 years,68.4
2021,Gloucester Southgate,Demographics,Age,Distribution (%) of the population by broad age groups,65 years and over,13.8
2021,Gloucester Southgate,Demographics,Age,Distribution (%) of the population by broad age groups,85 years and over,1.3
2021,Gloucester Southgate,Demographics,Age,Average age of the population, ,38.5
2021,Gloucester Southgate,Demographics,Age,Median age of the population, ,36.8
2021,Knoxdale Merivale,Demographics,Age,Age groups of the population,0 to 14 years,6465
2021,Knoxdale Merivale,Demographics,Age,Age groups of the population,0 to 4 years,2060
2021,Knoxdale Merivale,Demographics,Age,Age groups of the population,5 to 9 years,2175
2021,Knoxdale Merivale,Demographics,Age,Age groups of the population,10 to 14 years,2230
2021,Knoxdale Merivale,Demographics,Age,Age groups of the population,15 to 64 years,25170
2021,Knoxdale Merivale,Demographics,Age,Age groups of the population,15 to 19 years,2205
2021,Knoxdale Merivale,Demographics,Age,Age groups of the population,20 to 24 years,2930
2021,Knoxdale Merivale,Demographics,Age,Age groups of the population,25 to 29 years,3020
2021,Knoxdale Merivale,Demographics,Age,Age groups of the population,30 to 34 years,2745
2021,Knoxdale Merivale,Demographics,Age,Age groups of the population,35 to 39 years,2640
2021,Knoxdale Merivale,Demographics,Age,Age groups of the population,40 to 44 years,2045
2021,Knoxdale Merivale,Demographics,Age,Age groups of the population,45 to 49 years,2180
2021,Knoxdale Merivale,Demographics,Age,Age groups of the population,50 to 54 years,2430
2021,Knoxdale Merivale,Demographics,Age,Age groups of the population,55 to 59 years,2460
2021,Knoxdale Merivale,Demographics,Age,Age groups of the population,60 to 64 years,2515
2021,Knoxdale Merivale,Demographics,Age,Age groups of the population,65 years and over,8200
2021,Knoxdale Merivale,Demographics,Age,Age groups of the population,65 to 69 years,2265
2021,Knoxdale Merivale,Demographics,Age,Age groups of the population,70 to 74 years,2095
2021,Knoxdale Merivale,Demographics,Age,Age groups of the population,75 to 79 years,1600
2021,Knoxdale Merivale,Demographics,Age,Age groups of the population,80 to 84 years,1230
2021,Knoxdale Merivale,Demographics,Age,Age groups of the population,85 years and over,1020
2021,Knoxdale Merivale,Demographics,Age,Age groups of the population,85 to 89 years,640
2021,Knoxdale Merivale,Demographics,Age,Age groups of the population,90 to 94 years,310
2021,Knoxdale Merivale,Demographics,Age,Age groups of the population,95 to 99 years,65
2021,Knoxdale Merivale,Demographics,Age,Age groups of the population,100 years and over,0
2021,Knoxdale Merivale,Demographics,Age,Distribution (%) of the population by broad age groups,0 to 14 years,16.2
2021,Knoxdale Merivale,Demographics,Age,Distribution (%) of the population by broad age groups,15 to 64 years,63.2
2021,Knoxdale Merivale,Demographics,Age,Distribution (%) of the population by broad age groups,65 years and over,20.6
2021,Knoxdale Merivale,Demographics,Age,Distribution (%) of the population by broad age groups,85 years and over,2.6
2021,Knoxdale Merivale,Demographics,Age,Average age of the population, ,41.7
2021,Knoxdale Merivale,Demographics,Age,Median age of the population, ,40
2021,College,Demographics,Age,Age groups of the population,0 to 14 years,6965
2021,College,Demographics,Age,Age groups of the population,0 to 4 years,2075
2021,College,Demographics,Age,Age groups of the population,5 to 9 years,2345
2021,College,Demographics,Age,Age groups of the population,10 to 14 years,2540
2021,College,Demographics,Age,Age groups of the population,15 to 64 years,34160
2021,College,Demographics,Age,Age groups of the population,15 to 19 years,2440
2021,College,Demographics,Age,Age groups of the population,20 to 24 years,4570
2021,College,Demographics,Age,Age groups of the population,25 to 29 years,4435
2021,College,Demographics,Age,Age groups of the population,30 to 34 years,3575
2021,College,Demographics,Age,Age groups of the population,35 to 39 years,3255
2021,College,Demographics,Age,Age groups of the population,40 to 44 years,2825
2021,College,Demographics,Age,Age groups of the population,45 to 49 years,2710
2021,College,Demographics,Age,Age groups of the population,50 to 54 years,3045
2021,College,Demographics,Age,Age groups of the population,55 to 59 years,3805
2021,College,Demographics,Age,Age groups of the population,60 to 64 years,3510
2021,College,Demographics,Age,Age groups of the population,65 years and over,9195
2021,College,Demographics,Age,Age groups of the population,65 to 69 years,2645
2021,College,Demographics,Age,Age groups of the population,70 to 74 years,2380
2021,College,Demographics,Age,Age groups of the population,75 to 79 years,1720
2021,College,Demographics,Age,Age groups of the population,80 to 84 years,1215
2021,College,Demographics,Age,Age groups of the population,85 years and over,1245
2021,College,Demographics,Age,Age groups of the population,85 to 89 years,805
2021,College,Demographics,Age,Age groups of the population,90 to 94 years,355
2021,College,Demographics,Age,Age groups of the population,95 to 99 years,65
2021,College,Demographics,Age,Age groups of the population,100 years and over,20
2021,College,Demographics,Age,Distribution (%) of the population by broad age groups,0 to 14 years,13.8
2021,College,Demographics,Age,Distribution (%) of the population by broad age groups,15 to 64 years,67.9
2021,College,Demographics,Age,Distribution (%) of the population by broad age groups,65 years and over,18.3
2021,College,Demographics,Age,Distribution (%) of the population by broad age groups,85 years and over,2.5
2021,College,Demographics,Age,Average age of the population, ,41.8
2021,College,Demographics,Age,Median age of the population, ,40
2021,Bay,Demographics,Age,Age groups of the population,0 to 14 years,7065
2021,Bay,Demographics,Age,Age groups of the population,0 to 4 years,2180
2021,Bay,Demographics,Age,Age groups of the population,5 to 9 years,2490
2021,Bay,Demographics,Age,Age groups of the population,10 to 14 years,2395
2021,Bay,Demographics,Age,Age groups of the population,15 to 64 years,30955
2021,Bay,Demographics,Age,Age groups of the population,15 to 19 years,2465
2021,Bay,Demographics,Age,Age groups of the population,20 to 24 years,3170
2021,Bay,Demographics,Age,Age groups of the population,25 to 29 years,3690
2021,Bay,Demographics,Age,Age groups of the population,30 to 34 years,3645
2021,Bay,Demographics,Age,Age groups of the population,35 to 39 years,3065
2021,Bay,Demographics,Age,Age groups of the population,40 to 44 years,2740
2021,Bay,Demographics,Age,Age groups of the population,45 to 49 years,2765
2021,Bay,Demographics,Age,Age groups of the population,50 to 54 years,2750
2021,Bay,Demographics,Age,Age groups of the population,55 to 59 years,3330
2021,Bay,Demographics,Age,Age groups of the population,60 to 64 years,3345
2021,Bay,Demographics,Age,Age groups of the population,65 years and over,10470
2021,Bay,Demographics,Age,Age groups of the population,65 to 69 years,2925
2021,Bay,Demographics,Age,Age groups of the population,70 to 74 years,2765
2021,Bay,Demographics,Age,Age groups of the population,75 to 79 years,2040
2021,Bay,Demographics,Age,Age groups of the population,80 to 84 years,1395
2021,Bay,Demographics,Age,Age groups of the population,85 years and over,1350
2021,Bay,Demographics,Age,Age groups of the population,85 to 89 years,880
2021,Bay,Demographics,Age,Age groups of the population,90 to 94 years,360
2021,Bay,Demographics,Age,Age groups of the population,95 to 99 years,100
2021,Bay,Demographics,Age,Age groups of the population,100 years and over,10
2021,Bay,Demographics,Age,Distribution (%) of the population by broad age groups,0 to 14 years,14.6
2021,Bay,Demographics,Age,Distribution (%) of the population by broad age groups,15 to 64 years,63.8
2021,Bay,Demographics,Age,Distribution (%) of the population by broad age groups,65 years and over,21.6
2021,Bay,Demographics,Age,Distribution (%) of the population by broad age groups,85 years and over,2.8
2021,Bay,Demographics,Age,Average age of the population, ,43
2021,Bay,Demographics,Age,Median age of the population, ,42
2021,Sttittsvile,Demographics,Age,Age groups of the population,0 to 14 years,9600
2021,Sttittsvile,Demographics,Age,Age groups of the population,0 to 4 years,2845
2021,Sttittsvile,Demographics,Age,Age groups of the population,5 to 9 years,3295
2021,Sttittsvile,Demographics,Age,Age groups of the population,10 to 14 years,3465
2021,Sttittsvile,Demographics,Age,Age groups of the population,15 to 64 years,29970
2021,Sttittsvile,Demographics,Age,Age groups of the population,15 to 19 years,2945
2021,Sttittsvile,Demographics,Age,Age groups of the population,20 to 24 years,2330
2021,Sttittsvile,Demographics,Age,Age groups of the population,25 to 29 years,2705
2021,Sttittsvile,Demographics,Age,Age groups of the population,30 to 34 years,3395
2021,Sttittsvile,Demographics,Age,Age groups of the population,35 to 39 years,3625
2021,Sttittsvile,Demographics,Age,Age groups of the population,40 to 44 years,3245
2021,Sttittsvile,Demographics,Age,Age groups of the population,45 to 49 years,3370
2021,Sttittsvile,Demographics,Age,Age groups of the population,50 to 54 years,3130
2021,Sttittsvile,Demographics,Age,Age groups of the population,55 to 59 years,2930
2021,Sttittsvile,Demographics,Age,Age groups of the population,60 to 64 years,2295
2021,Sttittsvile,Demographics,Age,Age groups of the population,65 years and over,5640
2021,Sttittsvile,Demographics,Age,Age groups of the population,65 to 69 years,1875
2021,Sttittsvile,Demographics,Age,Age groups of the population,70 to 74 years,1475
2021,Sttittsvile,Demographics,Age,Age groups of the population,75 to 79 years,1035
2021,Sttittsvile,Demographics,Age,Age groups of the population,80 to 84 years,700
2021,Sttittsvile,Demographics,Age,Age groups of the population,85 years and over,560
2021,Sttittsvile,Demographics,Age,Age groups of the population,85 to 89 years,415
2021,Sttittsvile,Demographics,Age,Age groups of the population,90 to 94 years,115
2021,Sttittsvile,Demographics,Age,Age groups of the population,95 to 99 years,20
2021,Sttittsvile,Demographics,Age,Age groups of the population,100 years and over,10
2021,Sttittsvile,Demographics,Age,Distribution (%) of the population by broad age groups,0 to 14 years,21.2
2021,Sttittsvile,Demographics,Age,Distribution (%) of the population by broad age groups,15 to 64 years,66.3
2021,Sttittsvile,Demographics,Age,Distribution (%) of the population by broad age groups,65 years and over,12.5
2021,Sttittsvile,Demographics,Age,Distribution (%) of the population by broad age groups,85 years and over,1.2
2021,Sttittsvile,Demographics,Age,Average age of the population, ,37.5
2021,Stittsville,Demographics,Age,Median age of the population, ,37.2
2021,West Carleton March,Demographics,Age,Age groups of the population,0 to 14 years,4115
2021,West Carleton March,Demographics,Age,Age groups of the population,0 to 4 years,1140
2021,West Carleton March,Demographics,Age,Age groups of the population,5 to 9 years,1360
2021,West Carleton March,Demographics,Age,Age groups of the population,10 to 14 years,1615
2021,West Carleton March,Demographics,Age,Age groups of the population,15 to 64 years,16335
2021,West Carleton March,Demographics,Age,Age groups of the population,15 to 19 years,1710
2021,West Carleton March,Demographics,Age,Age groups of the population,20 to 24 years,1305
2021,West Carleton March,Demographics,Age,Age groups of the population,25 to 29 years,960
2021,West Carleton March,Demographics,Age,Age groups of the population,30 to 34 years,1170
2021,West Carleton March,Demographics,Age,Age groups of the population,35 to 39 years,1365
2021,West Carleton March,Demographics,Age,Age groups of the population,40 to 44 years,1510
2021,West Carleton March,Demographics,Age,Age groups of the population,45 to 49 years,1750
2021,West Carleton March,Demographics,Age,Age groups of the population,50 to 54 years,2075
2021,West Carleton March,Demographics,Age,Age groups of the population,55 to 59 years,2355
2021,West Carleton March,Demographics,Age,Age groups of the population,60 to 64 years,2135
2021,West Carleton March,Demographics,Age,Age groups of the population,65 years and over,4355
2021,West Carleton March,Demographics,Age,Age groups of the population,65 to 69 years,1555
2021,West Carleton March,Demographics,Age,Age groups of the population,70 to 74 years,1360
2021,West Carleton March,Demographics,Age,Age groups of the population,75 to 79 years,765
2021,West Carleton March,Demographics,Age,Age groups of the population,80 to 84 years,380
2021,West Carleton March,Demographics,Age,Age groups of the population,85 years and over,300
2021,West Carleton March,Demographics,Age,Age groups of the population,85 to 89 years,190
2021,West Carleton March,Demographics,Age,Age groups of the population,90 to 94 years,75
2021,West Carleton March,Demographics,Age,Age groups of the population,95 to 99 years,25
2021,West Carleton March,Demographics,Age,Age groups of the population,100 years and over,0
2021,West Carleton March,Demographics,Age,Distribution (%) of the population by broad age groups,0 to 14 years,16.6
2021,West Carleton March,Demographics,Age,Distribution (%) of the population by broad age groups,15 to 64 years,65.9
2021,West Carleton March,Demographics,Age,Distribution (%) of the population by broad age groups,65 years and over,17.6
2021,West Carleton March,Demographics,Age,Distribution (%) of the population by broad age groups,85 years and over,1.2
2021,West Carleton March,Demographics,Age,Average age of the population, ,42.5
2021,West Carleton March,Demographics,Age,Median age of the population, ,46
2021,Kanata North,Demographics,Age,Age groups of the population,0 to 14 years,7945
2021,Kanata North,Demographics,Age,Age groups of the population,0 to 4 years,1660
2021,Kanata North,Demographics,Age,Age groups of the population,5 to 9 years,2765
2021,Kanata North,Demographics,Age,Age groups of the population,10 to 14 years,3515
2021,Kanata North,Demographics,Age,Age groups of the population,15 to 64 years,27115
2021,Kanata North,Demographics,Age,Age groups of the population,15 to 19 years,3200
2021,Kanata North,Demographics,Age,Age groups of the population,20 to 24 years,2315
2021,Kanata North,Demographics,Age,Age groups of the population,25 to 29 years,1880
2021,Kanata North,Demographics,Age,Age groups of the population,30 to 34 years,1980
2021,Kanata North,Demographics,Age,Age groups of the population,35 to 39 years,2510
2021,Kanata North,Demographics,Age,Age groups of the population,40 to 44 years,3070
2021,Kanata North,Demographics,Age,Age groups of the population,45 to 49 years,3460
2021,Kanata North,Demographics,Age,Age groups of the population,50 to 54 years,3365
2021,Kanata North,Demographics,Age,Age groups of the population,55 to 59 years,3020
2021,Kanata North,Demographics,Age,Age groups of the population,60 to 64 years,2305
2021,Kanata North,Demographics,Age,Age groups of the population,65 years and over,6590
2021,Kanata North,Demographics,Age,Age groups of the population,65 to 69 years,1810
2021,Kanata North,Demographics,Age,Age groups of the population,70 to 74 years,1685
2021,Kanata North,Demographics,Age,Age groups of the population,75 to 79 years,1380
2021,Kanata North,Demographics,Age,Age groups of the population,80 to 84 years,1000
2021,Kanata North,Demographics,Age,Age groups of the population,85 years and over,715
2021,Kanata North,Demographics,Age,Age groups of the population,85 to 89 years,520
2021,Kanata North,Demographics,Age,Age groups of the population,90 to 94 years,155
2021,Kanata North,Demographics,Age,Age groups of the population,95 to 99 years,35
2021,Kanata North,Demographics,Age,Age groups of the population,100 years and over,0
2021,Kanata North,Demographics,Age,Distribution (%) of the population by broad age groups,0 to 14 years,19.1
2021,Kanata North,Demographics,Age,Distribution (%) of the population by broad age groups,15 to 64 years,65.1
2021,Kanata North,Demographics,Age,Distribution (%) of the population by broad age groups,65 years and over,15.8
2021,Kanata North,Demographics,Age,Distribution (%) of the population by broad age groups,85 years and over,1.7
2021,Kanata North,Demographics,Age,Average age of the population, ,40.2
2021,Kanata North,Demographics,Age,Median age of the population, ,41.6
2021,Barrhaven West,Demographics,Age,Age groups of the population,0 to 14 years,11055
2021,Barrhaven West,Demographics,Age,Age groups of the population,0 to 4 years,3080
2021,Barrhaven West,Demographics,Age,Age groups of the population,5 to 9 years,4005
2021,Barrhaven West,Demographics,Age,Age groups of the population,10 to 14 years,3970
2021,Barrhaven West,Demographics,Age,Age groups of the population,15 to 64 years,33105
2021,Barrhaven West,Demographics,Age,Age groups of the population,15 to 19 years,3460
2021,Barrhaven West,Demographics,Age,Age groups of the population,20 to 24 years,2725
2021,Barrhaven West,Demographics,Age,Age groups of the population,25 to 29 years,2810
2021,Barrhaven West,Demographics,Age,Age groups of the population,30 to 34 years,3385
2021,Barrhaven West,Demographics,Age,Age groups of the population,35 to 39 years,3950
2021,Barrhaven West,Demographics,Age,Age groups of the population,40 to 44 years,4020
2021,Barrhaven West,Demographics,Age,Age groups of the population,45 to 49 years,3720
2021,Barrhaven West,Demographics,Age,Age groups of the population,50 to 54 years,3290
2021,Barrhaven West,Demographics,Age,Age groups of the population,55 to 59 years,3110
2021,Barrhaven West,Demographics,Age,Age groups of the population,60 to 64 years,2640
2021,Barrhaven West,Demographics,Age,Age groups of the population,65 years and over,5505
2021,Barrhaven West,Demographics,Age,Age groups of the population,65 to 69 years,2155
2021,Barrhaven West,Demographics,Age,Age groups of the population,70 to 74 years,1570
2021,Barrhaven West,Demographics,Age,Age groups of the population,75 to 79 years,940
2021,Barrhaven West,Demographics,Age,Age groups of the population,80 to 84 years,490
2021,Barrhaven West,Demographics,Age,Age groups of the population,85 years and over,345
2021,Barrhaven West,Demographics,Age,Age groups of the population,85 to 89 years,250
2021,Barrhaven West,Demographics,Age,Age groups of the population,90 to 94 years,90
2021,Barrhaven West,Demographics,Age,Age groups of the population,95 to 99 years,0
2021,Barrhaven West,Demographics,Age,Age groups of the population,100 years and over,0
2021,Barrhaven West,Demographics,Age,Distribution (%) of the population by broad age groups,0 to 14 years,22.3
2021,Barrhaven West,Demographics,Age,Distribution (%) of the population by broad age groups,15 to 64 years,66.6
2021,Barrhaven West,Demographics,Age,Distribution (%) of the population by broad age groups,65 years and over,11.1
2021,Barrhaven West,Demographics,Age,Distribution (%) of the population by broad age groups,85 years and over,0.7
2021,Barrhaven West,Demographics,Age,Average age of the population, ,36.5
2021,Barrhaven West,Demographics,Age,Median age of the population, ,36.8
2021,Orléans West Innes,Demographics,Age,Age groups of the population,0 to 14 years,7455
2021,Orléans West Innes,Demographics,Age,Age groups of the population,0 to 4 years,2110
2021,Orléans West Innes,Demographics,Age,Age groups of the population,5 to 9 years,2505
2021,Orléans West Innes,Demographics,Age,Age groups of the population,10 to 14 years,2835
2021,Orléans West Innes,Demographics,Age,Age groups of the population,15 to 64 years,28315
2021,Orléans West Innes,Demographics,Age,Age groups of the population,15 to 19 years,2625
2021,Orléans West Innes,Demographics,Age,Age groups of the population,20 to 24 years,2435
2021,Orléans West Innes,Demographics,Age,Age groups of the population,25 to 29 years,2240
2021,Orléans West Innes,Demographics,Age,Age groups of the population,30 to 34 years,2600
2021,Orléans West Innes,Demographics,Age,Age groups of the population,35 to 39 years,2895
2021,Orléans West Innes,Demographics,Age,Age groups of the population,40 to 44 years,2845
2021,Orléans West Innes,Demographics,Age,Age groups of the population,45 to 49 years,2815
2021,Orléans West Innes,Demographics,Age,Age groups of the population,50 to 54 years,2800
2021,Orléans West Innes,Demographics,Age,Age groups of the population,55 to 59 years,3360
2021,Orléans West Innes,Demographics,Age,Age groups of the population,60 to 64 years,3710
2021,Orléans West Innes,Demographics,Age,Age groups of the population,65 years and over,9730
2021,Orléans West Innes,Demographics,Age,Age groups of the population,65 to 69 years,3255
2021,Orléans West Innes,Demographics,Age,Age groups of the population,70 to 74 years,2980
2021,Orléans West Innes,Demographics,Age,Age groups of the population,75 to 79 years,1850
2021,Orléans West Innes,Demographics,Age,Age groups of the population,80 to 84 years,995
2021,Orléans West Innes,Demographics,Age,Age groups of the population,85 years and over,655
2021,Orléans West Innes,Demographics,Age,Age groups of the population,85 to 89 years,490
2021,Orléans West Innes,Demographics,Age,Age groups of the population,90 to 94 years,115
2021,Orléans West Innes,Demographics,Age,Age groups of the population,95 to 99 years,45
2021,Orléans West Innes,Demographics,Age,Age groups of the population,100 years and over,0
2021,Orléans West Innes,Demographics,Age,Distribution (%) of the population by broad age groups,0 to 14 years,16.4
2021,Orléans West Innes,Demographics,Age,Distribution (%) of the population by broad age groups,15 to 64 years,62.2
2021,Orléans West Innes,Demographics,Age,Distribution (%) of the population by broad age groups,65 years and over,21.4
2021,Orléans West Innes,Demographics,Age,Distribution (%) of the population by broad age groups,85 years and over,1.4
2021,Orléans West Innes,Demographics,Age,Average age of the population, ,43.1
2021,Orléans West Innes,Demographics,Age,Median age of the population, ,44.4
2021,Orléans East Cumberland ,Demographics,Age,Age groups of the population,0 to 14 years,8080
2021,Orléans East Cumberland ,Demographics,Age,Age groups of the population,0 to 4 years,2150
2021,Orléans East Cumberland ,Demographics,Age,Age groups of the population,5 to 9 years,2790
2021,Orléans East Cumberland ,Demographics,Age,Age groups of the population,10 to 14 years,3140
2021,Orléans East Cumberland ,Demographics,Age,Age groups of the population,15 to 64 years,32120
2021,Orléans East Cumberland ,Demographics,Age,Age groups of the population,15 to 19 years,3170
2021,Orléans East Cumberland ,Demographics,Age,Age groups of the population,20 to 24 years,2675
2021,Orléans East Cumberland ,Demographics,Age,Age groups of the population,25 to 29 years,2500
2021,Orléans East Cumberland ,Demographics,Age,Age groups of the population,30 to 34 years,2725
2021,Orléans East Cumberland ,Demographics,Age,Age groups of the population,35 to 39 years,3035
2021,Orléans East Cumberland ,Demographics,Age,Age groups of the population,40 to 44 years,3160
2021,Orléans East Cumberland ,Demographics,Age,Age groups of the population,45 to 49 years,3410
2021,Orléans East Cumberland ,Demographics,Age,Age groups of the population,50 to 54 years,3525
2021,Orléans East Cumberland ,Demographics,Age,Age groups of the population,55 to 59 years,4045
2021,Orléans East Cumberland ,Demographics,Age,Age groups of the population,60 to 64 years,3890
2021,Orléans East Cumberland ,Demographics,Age,Age groups of the population,65 years and over,8475
2021,Orléans East Cumberland ,Demographics,Age,Age groups of the population,65 to 69 years,3145
2021,Orléans East Cumberland ,Demographics,Age,Age groups of the population,70 to 74 years,2445
2021,Orléans East Cumberland ,Demographics,Age,Age groups of the population,75 to 79 years,1515
2021,Orléans East Cumberland ,Demographics,Age,Age groups of the population,80 to 84 years,930
2021,Orléans East Cumberland ,Demographics,Age,Age groups of the population,85 years and over,435
2021,Orléans East Cumberland ,Demographics,Age,Age groups of the population,85 to 89 years,330
2021,Orléans East Cumberland ,Demographics,Age,Age groups of the population,90 to 94 years,90
2021,Orléans East Cumberland ,Demographics,Age,Age groups of the population,95 to 99 years,20
2021,Orléans East Cumberland ,Demographics,Age,Age groups of the population,100 years and over,0
2021,Orléans East Cumberland ,Demographics,Age,Distribution (%) of the population by broad age groups,0 to 14 years,16.6
2021,Orléans East Cumberland ,Demographics,Age,Distribution (%) of the population by broad age groups,15 to 64 years,66
2021,Orléans East Cumberland ,Demographics,Age,Distribution (%) of the population by broad age groups,65 years and over,17.4
2021,Orléans East Cumberland ,Demographics,Age,Distribution (%) of the population by broad age groups,85 years and over,0.9
2021,Orléans East Cumberland ,Demographics,Age,Average age of the population, ,41.7
2021,Orléans East Cumberland ,Demographics,Age,Median age of the population, ,43.2
